SELECT * FROM xplugintest.table2;
doc	_id	_json_schema
USE xplugintest;
SHOW TABLES;
Tables_in_xplugintest
table1
table2
SELECT * FROM xplugintest.table2;
doc	_id	_json_schema	$ix_t50_r_2BAA686C5604372BA51E965E6346198F5072C3D7
{"id": "1", "_id": "1", "name": "Omar Bras"}	1	{"type": "object"}	Omar Bras
{"id": "2", "_id": "2", "name": "\"Omar Argentina\""}	2	{"type": "object"}	"Omar Argentina"
DROP DATABASE IF EXISTS xplugintest;
