create table t1 (a int primary key,
utf_t text character set utf8mb4,
tb tinyblob, b blob, mb mediumblob, lb longblob,
tt tinytext, t text, mt mediumtext, lt longtext) engine=ndb;
insert into t1 values (1, REPEAT("A",5000),
REPEAT("A",255), REPEAT("A",5000), REPEAT("A",65536), REPEAT("A", 30000),
REPEAT("A",255), REPEAT("A",5000), REPEAT("A",65536), REPEAT("A", 30000));
insert into t1 values (2, NULL,
NULL, NULL, NULL, NULL,
NULL, NULL, NULL, NULL);
insert into t1 values (3, "",
"", "", "", "",
"", "", "", "");
insert into t1 values (4, REPEAT("a%d4 ",51),
REPEAT("a%d4 ",51), REPEAT("a%d4 ",1000), REPEAT("a%d4 ",2000), REPEAT("a%d4 ", 6000),
REPEAT("a%d4 ",51), REPEAT("a%d4 ",1000), REPEAT("a%d4 ",2000), REPEAT("a%d4 ", 6000));
insert into t1 values (5, "less_than_inline_len",
"less_than_inline_len", "less_than_inline_len", "less_than_inline_len", "less_than_inline_len",
"less_than_inline_len", "less_than_inline_len", "less_than_inline_len", "less_than_inline_len");
insert into t1 values (6, REPEAT("     ",1000),
REPEAT("     ",51), REPEAT("     ",1000), REPEAT("     ",2000), REPEAT("     ", 6000),
REPEAT("     ",51), REPEAT("     ",1000), REPEAT("     ",2000), REPEAT("     ", 6000));
insert into t1 values (7, REPEAT(" -,.;",1000),
REPEAT(" -,.;",51), REPEAT(" -,.;",1000), REPEAT(" -,.;",2000), REPEAT(" -,.;", 6000),
REPEAT(" -,.;",51), REPEAT(" -,.;",1000), REPEAT(" -,.;",2001), REPEAT(" -,.;", 6000));
insert into t1 values (8, REPEAT("12345",1000),
REPEAT("12345",51), REPEAT("12345",1000), REPEAT("12345",2000), REPEAT("12345", 6000),
REPEAT("12345",51), REPEAT("12345",1000), REPEAT("12345",2001), REPEAT("12345", 6000));
insert into t1 values (9, REPEAT("abcde",1000),
REPEAT("abcde",51), REPEAT("abcde",1000), REPEAT("abcde",2000), REPEAT("abcde", 6000),
REPEAT("abcde",51), REPEAT("abcde",1000), REPEAT("abcde",2001), REPEAT("abcde", 6000));
insert into t1 values (10, REPEAT("ABCDE",1000),
REPEAT("ABCDE",51), REPEAT("ABCDE",1000), REPEAT("ABCDE",2000), REPEAT("ABCDE", 6000),
REPEAT("ABCDE",51), REPEAT("ABCDE",1000), REPEAT("ABCDE",2001), REPEAT("ABCDE", 6000));
insert into t1 select a+10, utf_t, tb, b, mb, lb, tt, t, mt, lt from t1;
insert into t1 select a+20, utf_t, tb, b, mb, lb, tt, t, mt, lt from t1;
# run backup
truncate table t1;
# run broken restore of data
select count(1) into @count_parent_rows_before from t1;
ndb_blob_tool errors out on finding missing blob parts
Add in missing parts
Verify that there are no missing parts or orphan rows
Show that data read is not an empty set
select count(1) into @count_parent_rows_after from t1;
select sum(a) > 0, sum(utf_t) > 0,
sum(tb) > 0, sum(b) > 0, sum(mb) > 0, sum(lb) > 0,
sum(tt) > 0, sum(t) > 0, sum(mt) > 0, sum(lt) > 0 from t1;
sum(a) > 0	sum(utf_t) > 0	sum(tb) > 0	sum(b) > 0	sum(mb) > 0	sum(lb) > 0	sum(tt) > 0	sum(t) > 0	sum(mt) > 0	sum(lt) > 0
1	1	1	1	1	1	1	1	1	1
select @count_parent_rows_before >= @count_parent_rows_after;
@count_parent_rows_before >= @count_parent_rows_after
1
select @count_parent_rows_after > 0;
@count_parent_rows_after > 0
1
drop table t1;
