RESET MASTER;
CREATE TABLE t1 (c1 INT NOT NULL PRIMARY KEY) ENGINE=InnoDB;
INSERT INTO t1 VALUES (1);
SELECT WAIT_FOR_EXECUTED_GTID_SET('Incorrect_value');
ERROR HY000: Malformed GTID set specification 'Incorrect_value'.
SELECT WAIT_FOR_EXECUTED_GTID_SET('Incorrect_value', 5);
ERROR HY000: Malformed GTID set specification 'Incorrect_value'.
SELECT WAIT_FOR_EXECUTED_GTID_SET(NULL, 5);
ERROR HY000: Malformed GTID set specification 'NULL'.
SELECT WAIT_FOR_EXECUTED_GTID_SET();
ERROR 42000: Incorrect parameter count in the call to native function 'WAIT_FOR_EXECUTED_GTID_SET'
SELECT WAIT_FOR_EXECUTED_GTID_SET('NULL', 5, 5);
ERROR 42000: Incorrect parameter count in the call to native function 'WAIT_FOR_EXECUTED_GTID_SET'
DROP TABLE t1;
