SET sql_mode='NO_ENGINE_SUBSTITUTION';
Warnings:
Warning	3090	Changing sql mode 'NO_AUTO_CREATE_USER' is deprecated. It will be removed in a future release.
####################################
# SETUP
####################################
CREATE DATABASE statements_digest;
USE statements_digest;
CREATE TABLE t1(a int);
CREATE TABLE t2(a int);
CREATE TABLE t3(a int, b int);
CREATE TABLE t4(a int, b int);
CREATE TABLE t5(a int, b int, c int);
CREATE TABLE t6(a int, b int, c int, d int);
CREATE TABLE t11 (c CHAR(4));
CREATE TABLE t12 (c CHAR(4));
TRUNCATE TABLE performance_schema.events_statements_summary_by_digest;
####################################
# EXECUTION
####################################
SELECT 1 FROM t1;
1
SELECT 1 FROM `t1`;
1
SELECT 1,2 FROM t1;
1	2
SELECT 1, 2, 3, 4 FROM t1;
1	2	3	4
SELECT 1 FROM t2;
1
SELECT 1,2 FROM t2;
1	2
SELECT 1, 2, 3, 4 FROM t2;
1	2	3	4
INSERT INTO t1 VALUES (1);
INSERT INTO t2 VALUES (1);
INSERT INTO t3 VALUES (1, 2);
INSERT INTO t4 VALUES (1, 2);
INSERT INTO t5 VALUES (1, 2, 3);
INSERT INTO t1 VALUES (1), (2), (3);
INSERT INTO t1 VALUES (1), (2), (3), (4);
INSERT INTO t3 VALUES (1, 2), (3, 4), (5, 6);
INSERT INTO t5 VALUES (1, 2, 3), (4, 5, 6), (7, 8, 9);
INSERT INTO t1 VALUES (NULL);
INSERT INTO t3 VALUES (NULL,NULL);
INSERT INTO t3 VALUES (1,NULL);
INSERT INTO t3 VALUES (NULL,1);
INSERT INTO t6 VALUES (NULL, NULL, NULL, NULL);
INSERT INTO t6 VALUES (1, NULL, NULL, NULL);
INSERT INTO t6 VALUES (NULL, 2, NULL, NULL);
INSERT INTO t6 VALUES (1, 2, 3, NULL);
INSERT INTO t6 VALUES (1, 2, NULL, 4);
SELECT                                          1           +        1;
1           +        1
2
SELECT 1;
1
1
SELECT 1 /* This is an inline comment */ + 1;
1 /* This is an inline comment */ + 1
2
SELECT 1+
/*
this is a
multiple-line comment
*/
1;
1+
/*
this is a
multiple-line comment
*/
1
2
CREATE SCHEMA statements_digest_temp;
DROP SCHEMA statements_digest_temp;
CREATE DATABASE statements_digest_temp;
DROP DATABASE statements_digest_temp;
SELECT 1 FROM no_such_table;
ERROR 42S02: Table 'statements_digest.no_such_table' doesn't exist
CREATE TABLE dup_table (c char(4));
CREATE TABLE dup_table (c char(4));
ERROR 42S01: Table 'dup_table' already exists
DROP TABLE dup_table;
INSERT IGNORE INTO t11 VALUES("MySQL");
Warnings:
Warning	1265	Data truncated for column 'c' at row 1
PREPARE stmt FROM "SELECT * FROM t12";
EXECUTE stmt;
c
EXECUTE stmt;
c
DEALLOCATE PREPARE stmt;
CREATE PROCEDURE p1() BEGIN SELECT * FROM t12; END//
CALL p1();
c
CALL p1();
c
DROP PROCEDURE p1;
CREATE FUNCTION `func`(a INT, b INT) RETURNS int(11) RETURN a+b //
select func(3,4);
func(3,4)
7
select func(13,42);
func(13,42)
55
DROP FUNCTION func;
CREATE TRIGGER trg BEFORE INSERT ON t12 FOR EACH ROW SET @a:=1;
INSERT INTO t12 VALUES ("abc");
INSERT INTO t12 VALUES ("def");
DROP TRIGGER trg;
####################################
# QUERYING PS STATEMENT DIGEST
####################################
SELECT SCHEMA_NAME, DIGEST, DIGEST_TEXT, COUNT_STAR, SUM_ROWS_AFFECTED, SUM_WARNINGS,
SUM_ERRORS FROM performance_schema.events_statements_summary_by_digest;
SCHEMA_NAME	DIGEST	DIGEST_TEXT	COUNT_STAR	SUM_ROWS_AFFECTED	SUM_WARNINGS	SUM_ERRORS
statements_digest	c24477cbda5eb71b80d97681edec491a	TRUNCATE TABLE `performance_schema` . `events_statements_summary_by_digest` 	1	0	0	0
statements_digest	dc0a2b7b314060b5fd1881147a8d5053	SELECT ? FROM `t1` 	2	0	0	0
statements_digest	e2af6e72632d29941d19791341bf52f5	SELECT ?, ... FROM `t1` 	2	0	0	0
statements_digest	929a283623e0f203a525a0a7a8aa1330	SELECT ? FROM `t2` 	1	0	0	0
statements_digest	a8edea814772d1a9be266382bfb76f80	SELECT ?, ... FROM `t2` 	2	0	0	0
statements_digest	3efc4e276f6ac0342fa99e1f4383f7af	INSERT INTO `t1` VALUES (?) 	2	2	0	0
statements_digest	d8dc6b483e1369e896a432e5f51ad299	INSERT INTO `t2` VALUES (?) 	1	1	0	0
statements_digest	e1ef4829a03403d61ad2761160198c12	INSERT INTO `t3` VALUES (...) 	4	4	0	0
statements_digest	ce5d744525ab1971b1ed44c41420fc60	INSERT INTO `t4` VALUES (...) 	1	1	0	0
statements_digest	3030d651c93b4b6823244c6a2ea5f423	INSERT INTO `t5` VALUES (...) 	1	1	0	0
statements_digest	572740e63f74d80fdb810fae1903867a	INSERT INTO `t1` VALUES (?) /* , ... */ 	2	7	0	0
statements_digest	f8bd05445771ea6c612892f5a493d976	INSERT INTO `t3` VALUES (...) /* , ... */ 	1	3	0	0
statements_digest	f485f6152c228b481436f3b6172434ce	INSERT INTO `t5` VALUES (...) /* , ... */ 	1	3	0	0
statements_digest	d3a5062c40cd51b3f68653367ca005f4	INSERT INTO `t6` VALUES (...) 	5	5	0	0
statements_digest	2b81d830f832d2dbbc169aaa196df6af	SELECT ? + ? 	3	0	0	0
statements_digest	12cc3304920bee34f0ac3d11253bfcad	SELECT ? 	1	0	0	0
statements_digest	a71c5632e3ffafaacda7f697035106fc	CREATE SCHEMA `statements_digest_temp` 	2	2	0	0
statements_digest	37d39d6f3392a63b00160cf327d7dc88	DROP SCHEMA `statements_digest_temp` 	2	0	0	0
statements_digest	3a46eec968654a664fc709cd0295d53c	SELECT ? FROM `no_such_table` 	1	0	0	1
statements_digest	0c7d58ad446338319289dad72edb9eec	CREATE TABLE `dup_table` ( `c` CHARACTER (?) ) 	2	0	0	1
statements_digest	b7a5837033f2493ed12838f952e6a7bf	DROP TABLE `dup_table` 	1	0	0	0
statements_digest	0e7e5f0240ffbd8f390342e9c1af63d9	INSERT IGNORE INTO `t11` VALUES (?) 	1	1	1	0
statements_digest	da499db5d93bc1e6fec0305881715ab0	SHOW WARNINGS 	1	0	0	0
statements_digest	e53dedb2bf67bd0a472d08f61cd856f0	PREPARE `stmt` FROM ? 	1	0	0	0
statements_digest	e3c9aca726c19c38a2880c4e9f21b13b	EXECUTE `stmt` 	2	0	0	0
statements_digest	22780d24a970c8f3ac362eeca4e84268	DEALLOCATE PREPARE `stmt` 	1	0	0	0
statements_digest	36479d2909b4b30430bd3a90bde6cf3f	CREATE PROCEDURE `p1` ( ) BEGIN SELECT * FROM `t12` ; END 	1	0	0	0
statements_digest	f59a08747fd89cd8184525773d67f34e	CALL `p1` ( ) 	2	0	0	0
statements_digest	cd8931b87a4f4cbee8edb56fa99eb9ab	DROP PROCEDURE `p1` 	1	0	0	0
statements_digest	130c014fbf5a1ff91134493a0d9b0a25	CREATE FUNCTION `func` ( `a` INTEGER , `b` INTEGER ) RETURNS INTEGER (?) RETURN `a` + `b` 	1	0	0	0
statements_digest	68e3ad6fdaa396e4b77b27cb67cc9425	SELECT `func` (...) 	2	0	0	0
statements_digest	5189a4c17a1e4117729b82593c7fc29a	DROP FUNCTION `func` 	1	0	0	0
statements_digest	9753e53fb1cf4043c2a5378f77527788	CREATE TRIGGER `trg` BEFORE INSERT ON `t12` FOR EACH ROW SET @? := ? 	1	0	0	0
statements_digest	4e9280705c08860328da3d2b7d040a1c	INSERT INTO `t12` VALUES (?) 	2	2	0	0
statements_digest	d1515efcdd26c1d5820c15074b207384	DROP TRIGGER `trg` 	1	0	0	0
####################################
# CLEANUP
####################################
DROP TABLE IF EXISTS t1;
DROP TABLE IF EXISTS t2;
DROP TABLE IF EXISTS t3;
DROP TABLE IF EXISTS t4;
DROP TABLE IF EXISTS t5;
DROP TABLE IF EXISTS t6;
DROP TABLE IF EXISTS t11;
DROP TABLE IF EXISTS t12;
DROP DATABASE IF EXISTS statements_digest;
SET sql_mode=default;
