####################################
# SETUP
####################################
CREATE DATABASE statements_digest;
USE statements_digest;
CREATE TABLE t1(a int);
CREATE TABLE t2(a int);
CREATE TABLE t3(a int, b int);
CREATE TABLE t4(a int, b int);
CREATE TABLE t5(a int, b int, c int);
CREATE TABLE t6(a int, b int, c int, d int);
CREATE TABLE t11 (c CHAR(4));
CREATE TABLE t12 (c CHAR(4));
SELECT * FROM performance_schema.setup_consumers;
NAME	ENABLED
events_stages_current	YES
events_stages_history	YES
events_stages_history_long	YES
events_statements_current	NO
events_statements_history	YES
events_statements_history_long	YES
events_transactions_current	YES
events_transactions_history	YES
events_transactions_history_long	YES
events_waits_current	YES
events_waits_history	YES
events_waits_history_long	YES
global_instrumentation	YES
thread_instrumentation	YES
statements_digest	YES
TRUNCATE TABLE performance_schema.events_statements_summary_by_digest;
####################################
# EXECUTION
####################################
SELECT 1 FROM t1;
1
SELECT 1 FROM `t1`;
1
SELECT 1,2 FROM t1;
1	2
SELECT 1, 2, 3, 4 FROM t1;
1	2	3	4
SELECT 1 FROM t2;
1
SELECT 1,2 FROM t2;
1	2
SELECT 1, 2, 3, 4 FROM t2;
1	2	3	4
INSERT INTO t1 VALUES (1);
INSERT INTO t2 VALUES (1);
INSERT INTO t3 VALUES (1, 2);
INSERT INTO t4 VALUES (1, 2);
INSERT INTO t5 VALUES (1, 2, 3);
INSERT INTO t1 VALUES (1), (2), (3);
INSERT INTO t1 VALUES (1), (2), (3), (4);
INSERT INTO t3 VALUES (1, 2), (3, 4), (5, 6);
INSERT INTO t5 VALUES (1, 2, 3), (4, 5, 6), (7, 8, 9);
INSERT INTO t1 VALUES (NULL);
INSERT INTO t3 VALUES (NULL,NULL);
INSERT INTO t3 VALUES (1,NULL);
INSERT INTO t3 VALUES (NULL,1);
INSERT INTO t6 VALUES (NULL, NULL, NULL, NULL);
INSERT INTO t6 VALUES (1, NULL, NULL, NULL);
INSERT INTO t6 VALUES (NULL, 2, NULL, NULL);
INSERT INTO t6 VALUES (1, 2, 3, NULL);
INSERT INTO t6 VALUES (1, 2, NULL, 4);
SELECT                                          1           +        1;
1           +        1
2
SELECT 1;
1
1
SELECT 1 /* This is an inline comment */ + 1;
1 /* This is an inline comment */ + 1
2
SELECT 1+
/*
this is a
multiple-line comment
*/
1;
1+
/*
this is a
multiple-line comment
*/
1
2
CREATE SCHEMA statements_digest_temp;
DROP SCHEMA statements_digest_temp;
CREATE DATABASE statements_digest_temp;
DROP DATABASE statements_digest_temp;
SELECT 1 FROM no_such_table;
ERROR 42S02: Table 'statements_digest.no_such_table' doesn't exist
CREATE TABLE dup_table (c char(4));
CREATE TABLE dup_table (c char(4));
ERROR 42S01: Table 'dup_table' already exists
DROP TABLE dup_table;
INSERT IGNORE INTO t11 VALUES("MySQL");
Warnings:
Warning	1265	Data truncated for column 'c' at row 1
PREPARE stmt FROM "SELECT * FROM t12";
EXECUTE stmt;
c
EXECUTE stmt;
c
DEALLOCATE PREPARE stmt;
CREATE PROCEDURE p1() BEGIN SELECT * FROM t12; END//
CALL p1();
c
CALL p1();
c
DROP PROCEDURE p1;
CREATE FUNCTION `func`(a INT, b INT) RETURNS int(11) RETURN a+b //
select func(3,4);
func(3,4)
7
select func(13,42);
func(13,42)
55
DROP FUNCTION func;
CREATE TRIGGER trg BEFORE INSERT ON t12 FOR EACH ROW SET @a:=1;
INSERT INTO t12 VALUES ("abc");
INSERT INTO t12 VALUES ("def");
DROP TRIGGER trg;
####################################
# QUERYING PS STATEMENT DIGEST
####################################
SELECT schema_name, digest, digest_text, count_star FROM performance_schema.events_statements_summary_by_digest;
schema_name	digest	digest_text	count_star
statements_digest	21b6affb55f3e69c598b47257f4d0ec6	TRUNCATE TABLE `performance_schema` . `events_statements_summary_by_digest` 	1
statements_digest	2ebcc6539c5c79b27a33707fbd4d70b0	SELECT ? FROM `t1` 	2
statements_digest	811c314bb8f68f4fdef9e30fa64acb0b	SELECT ?, ... FROM `t1` 	2
statements_digest	bc458c25be72e6f386b5c646bfd2a4ac	SELECT ? FROM `t2` 	1
statements_digest	ca8daaee4f2bac8419836ba3b57a945c	SELECT ?, ... FROM `t2` 	2
statements_digest	15dbcb0276d0a32884e54f872e7550de	INSERT INTO `t1` VALUES (?) 	2
statements_digest	69ed8a7ce05b795006d86cbbd31e0caa	INSERT INTO `t2` VALUES (?) 	1
statements_digest	a33fb1d856859fc46057c7dc869ce164	INSERT INTO `t3` VALUES (...) 	4
statements_digest	a77bacee82e346244fbd5d405e9acf7d	INSERT INTO `t4` VALUES (...) 	1
statements_digest	5546a45fece520aaa0140e6ac7a554ca	INSERT INTO `t5` VALUES (...) 	1
statements_digest	45552b7cbc35f439bb0b2cc12b4d7004	INSERT INTO `t1` VALUES (?) /* , ... */ 	2
statements_digest	5e2ca7e5378a50395344cf8fb33c1289	INSERT INTO `t3` VALUES (...) /* , ... */ 	1
statements_digest	5a2455a3ad5daf8ad20bad0e1ba489d8	INSERT INTO `t5` VALUES (...) /* , ... */ 	1
statements_digest	db2e552003c59f77b27e8a43513fa6df	INSERT INTO `t6` VALUES (...) 	5
statements_digest	6d48e7bf6ebe1075c954ca4440c313f5	SELECT ? + ? 	3
statements_digest	f29eded39dd5fa102f18987679dd0c14	SELECT ? 	1
statements_digest	3aeae35a7cad6d77a59795daa475ec95	CREATE SCHEMA `statements_digest_temp` 	2
statements_digest	853fcddb9ccd2b9bc89b2b9ebb86b63a	DROP SCHEMA `statements_digest_temp` 	2
statements_digest	35c43fea9b2c2899c5ae8576b1b00879	SELECT ? FROM `no_such_table` 	1
statements_digest	0d6c1e5ce78bfc10f8f9d1c34883e431	CREATE TABLE `dup_table` ( `c` CHARACTER (?) ) 	2
statements_digest	fba453490c48b500dc5497587ac52232	DROP TABLE `dup_table` 	1
statements_digest	8da8c367b38b366598c96c1f573b06ff	INSERT IGNORE INTO `t11` VALUES (?) 	1
statements_digest	feaff321c54a9c8e1e9508628f7a5a05	SHOW WARNINGS 	1
statements_digest	da3836703213b71919f6583391fb7de4	PREPARE `stmt` FROM ? 	1
statements_digest	b5243e9f1b9b0bbcc8cafd6e5acc78f7	EXECUTE `stmt` 	2
statements_digest	1943fb11508045f36626b11b1c2311b4	DEALLOCATE PREPARE `stmt` 	1
statements_digest	25794340d6b31e52b8a65f672acd1a02	CREATE PROCEDURE `p1` ( ) BEGIN SELECT * FROM `t12` ; END 	1
statements_digest	89b975550f7e8236ee7cc9dc1662cd04	CALL `p1` ( ) 	2
statements_digest	c5ab254ec788be45b08ba6f3b41008b4	DROP PROCEDURE `p1` 	1
statements_digest	85e6b42a2024f757b5e43dd231827068	CREATE FUNCTION `func` ( `a` INTEGER , `b` INTEGER ) RETURNS INTEGER (?) RETURN `a` + `b` 	1
statements_digest	6de36a178c9394679a4b8d8d1113a65d	SELECT `func` (...) 	2
statements_digest	98683f018cbb76cd482f47a48921513c	DROP FUNCTION `func` 	1
statements_digest	3e0d38357bc7322944bdd51b4281f144	CREATE TRIGGER `trg` BEFORE INSERT ON `t12` FOR EACH ROW SET @? := ? 	1
statements_digest	2ea818b323d4449e3474db5f70e1bdea	INSERT INTO `t12` VALUES (?) 	2
statements_digest	4dd34f225aced9cd2f50dafe64e01f1b	DROP TRIGGER `trg` 	1
SELECT digest, digest_text FROM performance_schema.events_statements_current;
digest	digest_text
####################################
# CLEANUP
####################################
DROP TABLE IF EXISTS t1;
DROP TABLE IF EXISTS t2;
DROP TABLE IF EXISTS t3;
DROP TABLE IF EXISTS t4;
DROP TABLE IF EXISTS t5;
DROP TABLE IF EXISTS t6;
DROP TABLE IF EXISTS t11;
DROP TABLE IF EXISTS t12;
DROP DATABASE IF EXISTS statements_digest;
