#
# This file contains tests for the AT TIME ZONE operator.
#
SET time_zone = '+01:00';
SELECT cast(TIMESTAMP'2019-10-10 10:11:12' AT TIME ZONE 'UTC' AS DATETIME);
cast(TIMESTAMP'2019-10-10 10:11:12' AT TIME ZONE 'UTC' AS DATETIME)
2019-10-10 09:11:12
SELECT cast(TIMESTAMP'2019-10-10 10:11:12' AT TIME ZONE '+00:00' AS DATETIME);
cast(TIMESTAMP'2019-10-10 10:11:12' AT TIME ZONE '+00:00' AS DATETIME)
2019-10-10 09:11:12
SELECT cast(TIMESTAMP'2019-10-10 10:11:12+00:00' AT TIME ZONE '+00:00' AS DATETIME);
cast(TIMESTAMP'2019-10-10 10:11:12+00:00' AT TIME ZONE '+00:00' AS DATETIME)
2019-10-10 10:11:12
# Casting from invalid types.
SELECT cast( TIME'10:10' AT TIME ZONE 'UTC' AS DATETIME );
ERROR HY000: Cannot cast value to TIMESTAMP WITH TIME ZONE.
SELECT cast( '2019-10-10' AT TIME ZONE 'UTC' AS DATETIME );
ERROR HY000: Cannot cast value to TIMESTAMP WITH TIME ZONE.
SELECT cast( 123 AT TIME ZONE 'UTC' AS DATETIME );
ERROR HY000: Cannot cast value to TIMESTAMP WITH TIME ZONE.
# Table data
CREATE TABLE t1 ( a TIMESTAMP, b DATETIME );
INSERT INTO t1 VALUES ( '2019-10-10 10:11:12+00:00', '2019-10-10 10:11:12+00:00' );
SELECT * FROM t1;
a	b
2019-10-10 11:11:12	2019-10-10 11:11:12
SELECT cast( a AT TIME ZONE '+00:00' AS DATETIME ) FROM t1;
cast( a AT TIME ZONE '+00:00' AS DATETIME )
2019-10-10 10:11:12
SELECT cast( b AT TIME ZONE '+00:00' AS DATETIME ) FROM t1;
ERROR HY000: Cannot cast value to TIMESTAMP WITH TIME ZONE.
SET time_zone = '+12:34';
SELECT cast( a AT TIME ZONE '+00:00' AS DATETIME ) FROM t1;
cast( a AT TIME ZONE '+00:00' AS DATETIME )
2019-10-10 10:11:12
SELECT cast( b AT TIME ZONE '+00:00' AS DATETIME ) FROM t1;
ERROR HY000: Cannot cast value to TIMESTAMP WITH TIME ZONE.
DROP TABLE t1;
SELECT cast( '2019-10-10 10:11' AT TIME ZONE 'UTC' AS DATETIME );
ERROR HY000: Cannot cast value to TIMESTAMP WITH TIME ZONE.
SET time_zone = DEFAULT;
#
# Bug#31405594: WL12535: BACKTRACE:ITEM_FUNC_AT_TIME_ZONE |
#               SELECT_LEX_UNIT::EXECUTEITERATORQUER
#
RENAME TABLE mysql.time_zone TO time_zone_backup;
CREATE TABLE t1 ( a TIMESTAMP );
DROP TABLE t1;
RENAME TABLE time_zone_backup TO mysql.time_zone;
#
# Bug#36423829: Missing time_zone function
#
CREATE TABLE t0 (
dt DATETIME,
CHECK (CAST(TIMESTAMP '2010-01-01 10:00:00' AT TIME ZONE '+00:00' AS DATETIME)
= dt)
);
SHOW CREATE TABLE t0;
Table	Create Table
t0	CREATE TABLE `t0` (
  `dt` datetime DEFAULT NULL,
  CONSTRAINT `t0_chk_1` CHECK ((cast(TIMESTAMP'2010-01-01 10:00:00' AT TIME ZONE '+00:00' as datetime) = `dt`))
) ENGINE=InnoDB DEFAULT CHARSET=utf8mb4 COLLATE=utf8mb4_0900_ai_ci
DROP TABLE t0;
