CREATE TABLE t1 ( a INTEGER, KEY (a) );
INSERT INTO t1 VALUES (0), (1), (2), (3), (4), (5), (6), (7), (8), (9);
INSERT INTO t1 SELECT a FROM t1;
INSERT INTO t1 SELECT a FROM t1;
INSERT INTO t1 SELECT a FROM t1;
INSERT INTO t1 SELECT a FROM t1;
ANALYZE TABLE t1;
Table	Op	Msg_type	Msg_text
test.t1	analyze	status	OK
SET DEBUG='+d,subplan_tokens';
EXPLAIN FORMAT=tree SELECT * FROM t1;
EXPLAIN
-> [0xeed2c0bd3e39ba93] Table scan on t1  (rows=160)

To force this plan, use:
SET DEBUG='+d,subplan_tokens,force_subplan_0xeed2c0bd3e39ba93';

EXPLAIN FORMAT=tree SELECT * FROM t1 ORDER BY a;
EXPLAIN
-> [0x6d8e7db8c811fc24] Covering index scan on t1 using a  (rows=160)

To force this plan, use:
SET DEBUG='+d,subplan_tokens,force_subplan_0x6d8e7db8c811fc24';

SET DEBUG='+d,subplan_tokens,force_subplan_0xeed2c0bd3e39ba93';
EXPLAIN FORMAT=tree SELECT * FROM t1 ORDER BY a;
EXPLAIN
-> [0xd3135ef8a92cb9b8] Sort: t1.a  (rows=160)
    -> [0xeed2c0bd3e39ba93] Table scan on t1  (rows=160)

To force this plan, use:
SET DEBUG='+d,subplan_tokens,force_subplan_0xeed2c0bd3e39ba93,force_subplan_0xd3135ef8a92cb9b8';

SET DEBUG='+d,subplan_tokens,'
  'force_subplan_0x38d170e70c04e92c,'
  'force_subplan_0xeed2c0bd3e39ba93,'
  'force_subplan_0x079e429c703ec298';
EXPLAIN FORMAT=tree SELECT * FROM t1 JOIN t1 AS t2 ON t1.a=t2.a ORDER BY t1.a;
EXPLAIN
-> [0x1836646581797f8f] Sort: t1.a  (rows=2560)
    -> [0x38d170e70c04e92c] Inner hash join (t1.a = t2.a)  (rows=2560)
        -> [0xeed2c0bd3e39ba93] Table scan on t1  (rows=160)
        -> Hash
            -> [0x079e429c703ec298] Table scan on t2  (rows=160)

To force this plan, use:
SET DEBUG='+d,subplan_tokens,force_subplan_0xeed2c0bd3e39ba93,force_subplan_0x079e429c703ec298,force_subplan_0x38d170e70c04e92c,force_subplan_0x1836646581797f8f';

SET DEBUG='-d,subplan_tokens';
EXPLAIN FORMAT=tree SELECT * FROM t1 JOIN t1 AS t2 ON t1.a=t2.a ORDER BY t1.a;
EXPLAIN
-> Nested loop inner join  (rows=2560)
    -> Covering index scan on t2 using a  (rows=160)
    -> Covering index lookup on t1 using a (a = t2.a)  (rows=16)

DROP TABLE t1;
