Table	Op	Msg_type	Msg_text
test.a	analyze	status	OK
test.b	analyze	status	OK
test.c	analyze	status	OK
test.d	analyze	status	OK
test.e	analyze	status	OK
test.f	analyze	status	OK
test.g	analyze	status	OK
test.h	analyze	status	OK
test.i	analyze	status	OK
test.j	analyze	status	OK
test.k	analyze	status	OK
test.l	analyze	status	OK
test.m	analyze	status	OK
test.n	analyze	status	OK
test.o	analyze	status	OK
test.p	analyze	status	OK
test.q	analyze	status	OK
test.r	analyze	status	OK
test.s	analyze	status	OK
test.t	analyze	status	OK
test.u	analyze	status	OK
test.v	analyze	status	OK
test.w	analyze	status	OK
test.x	analyze	status	OK
test.y	analyze	status	OK
test.z	analyze	status	OK
set optimizer_switch='hypergraph_optimizer=on';
SELECT
table1.pk, table2.pk
FROM m AS table1
LEFT JOIN r AS table2 ON table2.col_int IN (4)
WHERE table1.pk = ANY (
SELECT table2s.col_int AS field2
FROM r AS table1s
LEFT JOIN p AS table2s ON table1s.col_int_unique = table2s.col_int_key
GROUP BY field2
);
pk	pk
1	NULL
2	NULL
3	NULL
SELECT
table1.pk, table2.pk, table3.pk
FROM t AS table1
LEFT JOIN g AS table2 ON table1.pk = table2.col_int
LEFT JOIN z AS table3 ON table2.col_int_key = table3.col_int_key
WHERE CHAR_LENGTH(table2.col_varchar_10_unique) IN (
SELECT STRAIGHT_JOIN
table3s.col_int AS field3
FROM m AS table1s JOIN (
p AS table2s JOIN l AS table3s ON table2s.pk = table3s.pk
) ON table1s.col_int_unique = table2s.col_int_unique
);
pk	pk	pk
SELECT
table1.pk
FROM y AS table1
WHERE table1.col_int IN (
SELECT STRAIGHT_JOIN
table2s.col_int_unique
FROM r AS table1s
JOIN z AS table2s ON table1s.pk = table2s.col_int_key
);
pk
11
13
14
15
16
19
2
20
23
24
25
26
27
30
33
4
SELECT
table1.pk, table2.pk
FROM c AS table1
JOIN c AS table2 ON table1.col_int = table2.col_int_key
WHERE EXISTS (
SELECT * FROM d
);
pk	pk
1	3
2	1
2	2
2	5
3	3
4	3
5	1
5	2
5	5
SELECT
table1.pk, table2.pk, table3.pk, table4.pk
FROM b AS table1
LEFT JOIN s AS table2
LEFT JOIN x AS table3 ON table2.col_int = table3.col_int
ON table1.col_int_key = table2.col_int_key AND
table1.col_int_unique = table2.pk
LEFT JOIN e AS table4 ON table2.col_int_key = table4.pk;
pk	pk	pk	pk
1	NULL	NULL	NULL
SELECT DISTINCT
table1.col_char_16_key AS field1
FROM m AS table1
JOIN k AS table2 ON table1.col_int_key = table2.col_int AND
table1.col_int_unique = table2.col_int_unique
WHERE table2.col_int_key <> 5;
field1
will
SELECT DISTINCT
'auq' AS field1, table1.col_varchar_10_unique AS field2
FROM j AS table1
LEFT JOIN r AS table2 ON table1.pk = table2.col_int_key
WHERE table1.col_int BETWEEN 6 AND 7 OR table2.pk <= 7;
field1	field2
auq	qqjwasfkve
auq	tfobocgpft
auq	this
SELECT
table1.col_int_key AS field1, table2.pk AS field2
FROM h AS table1
LEFT OUTER JOIN w AS table2 ON  table1.col_int_key =  table2.col_int_key
WHERE #table1.col_int = 8 AND
EXISTS (
SELECT *
#table1s.col_int_key AS field3, table1s.col_int_unique AS field4, table1s.pk AS field5
FROM a AS table1s
WHERE table1.pk = table1s.col_int_key)
GROUP BY field1, field2;
field1	field2
SELECT
table1.col_int_unique
FROM q AS table1
JOIN j AS table2 ON table1.pk = table2.col_int_unique
WHERE EXISTS (
SELECT
table1s.col_int_unique
FROM s AS table1s
JOIN p AS table2s ON table1s.col_int_key = table2s.col_int_key
WHERE table1s.col_int_unique = table1.col_int_unique
);
col_int_unique
0
11
2
4
9
SELECT
table1.pk, table2.pk
FROM i AS table1
JOIN d AS table2 ON table1.pk = table2.col_int
WHERE table1.col_int_key BETWEEN 5 AND 5+4;
pk	pk
set optimizer_switch='hypergraph_optimizer=default';
DROP TABLE a,b,c,d,e,f,g,h,i,j,k,l,m,n,o,p,q,r,s,t,u,v,w,x,y,z;
