include/rpl/init_source_replica.inc
Warnings:
Note	####	Sending passwords in plain text without SSL/TLS is extremely insecure.
Note	####	Storing MySQL user name or password information in the connection metadata repository is not secure and is therefore not recommended. Please consider using the USER and PASSWORD connection options for START REPLICA; see the 'START REPLICA Syntax' in the MySQL Manual for more information.
[connection master]
CALL mtr.add_suppression("\\[ERROR\\] .*MY-\\d+.* \\[Repl\\] Replica SQL for channel '':.*Error 'Unknown storage engine 'MOCK'' on query");
CALL mtr.add_suppression("\\[ERROR\\] .*MY-\\d+.* \\[Repl\\] Replica SQL for channel '':.*Error 'Secondary engine operation failed. No secondary engine defined");
CALL mtr.add_suppression("\\[Warning\\] .*MY-\\d+.* \\[Repl\\] Replica: Unknown storage engine 'MOCK'");
CALL mtr.add_suppression("\\[Warning\\] .*MY-\\d+.* \\[Repl\\] Replica: Secondary engine operation failed. No secondary engine defined");
CALL mtr.add_suppression("\\[Warning\\] .*MY-\\d+.* \\[Server\\] Unsafe statement written to the binary log using statement format");
CALL mtr.add_suppression("The replica coordinator and worker threads are stopped");
[ Connection Master ]
INSTALL PLUGIN mock SONAME 'ha_mock.so';
SET @@secondary_engine_cost_threshold = 0;
[ Connection Slave ]
INSTALL PLUGIN mock SONAME 'ha_mock.so';
SET @@secondary_engine_cost_threshold = 0;
[ Connection Master ]
CREATE TABLE t1 (pk INT PRIMARY KEY AUTO_INCREMENT, vc VARCHAR(10), j JSON, b BLOB, vb VARBINARY(32)) SECONDARY_ENGINE=MOCK;
include/rpl/sync_to_replica.inc
[ Connection Slave ]
SHOW CREATE TABLE t1;
Table	Create Table
t1	CREATE TABLE `t1` (
  `pk` int NOT NULL AUTO_INCREMENT,
  `vc` varchar(10) DEFAULT NULL,
  `j` json DEFAULT NULL,
  `b` blob,
  `vb` varbinary(32) DEFAULT NULL,
  PRIMARY KEY (`pk`)
) ENGINE=InnoDB DEFAULT CHARSET=utf8mb4 COLLATE=utf8mb4_0900_ai_ci SECONDARY_ENGINE=MOCK
FLUSH STATUS;
SELECT * FROM t1;
pk	vc	j	b	vb
SHOW SESSION STATUS LIKE 'Secondary_engine_execution_count';
Variable_name	Value
Secondary_engine_execution_count	0
[ Connection Master ]
INSERT INTO t1 VALUES(NULL, 'Poodle', '{"key":"value"}', 'Pug', x'1234');
INSERT INTO t1 VALUES(NULL, 'Labrador', '[{"key":"value"},{"key":"value2"}]', 'Boxer', x'abcd');
INSERT INTO t1 VALUES(NULL, 'Beagle', '[1,2,3]', 'Pitbull', x'abcd1234');
INSERT INTO t1 VALUES(NULL, 'Collie', '["ab","bc","cd"]', 'Huskey', x'1ab2c3d4');
INSERT INTO t1 VALUES(NULL, 'Shiba', '{"1":"one"}', 'Mastiff', x'ffff');
ALTER TABLE t1 SECONDARY_LOAD;
include/rpl/sync_to_replica.inc
[ Connection Slave ]
FLUSH STATUS;
SELECT * FROM t1;
pk	vc	j	b	vb
SHOW SESSION STATUS LIKE 'Secondary_engine_execution_count';
Variable_name	Value
Secondary_engine_execution_count	1
SET @save_use_secondary_engine = @@use_secondary_engine;
SET use_secondary_engine = OFF;
FLUSH STATUS;
SELECT * FROM t1;
pk	vc	j	b	vb
1	Poodle	{"key": "value"}	Pug	4
2	Labrador	[{"key": "value"}, {"key": "value2"}]	Boxer	«Í
3	Beagle	[1, 2, 3]	Pitbull	«Í4
4	Collie	["ab", "bc", "cd"]	Huskey	²ÃÔ
5	Shiba	{"1": "one"}	Mastiff	ÿÿ
SHOW SESSION STATUS LIKE 'Secondary_engine_execution_count';
Variable_name	Value
Secondary_engine_execution_count	0
SET use_secondary_engine = FORCED;
FLUSH STATUS;
SELECT * FROM t1;
pk	vc	j	b	vb
SHOW SESSION STATUS LIKE 'Secondary_engine_execution_count';
Variable_name	Value
Secondary_engine_execution_count	1
SET use_secondary_engine = @save_use_secondary_engine;
FLUSH STATUS;
SELECT /*+SET_VAR(use_secondary_engine=ON)*/ * FROM t1;
pk	vc	j	b	vb
SHOW SESSION STATUS LIKE 'Secondary_engine_execution_count';
Variable_name	Value
Secondary_engine_execution_count	1
FLUSH STATUS;
SELECT /*+SET_VAR(use_secondary_engine=OFF)*/ * FROM t1;
pk	vc	j	b	vb
1	Poodle	{"key": "value"}	Pug	4
2	Labrador	[{"key": "value"}, {"key": "value2"}]	Boxer	«Í
3	Beagle	[1, 2, 3]	Pitbull	«Í4
4	Collie	["ab", "bc", "cd"]	Huskey	²ÃÔ
5	Shiba	{"1": "one"}	Mastiff	ÿÿ
SHOW SESSION STATUS LIKE 'Secondary_engine_execution_count';
Variable_name	Value
Secondary_engine_execution_count	0
FLUSH STATUS;
SELECT /*+SET_VAR(use_secondary_engine=FORCED)*/ * FROM t1;
pk	vc	j	b	vb
SHOW SESSION STATUS LIKE 'Secondary_engine_execution_count';
Variable_name	Value
Secondary_engine_execution_count	1
[ Connection Master ]
CREATE TABLE t2 LIKE t1;
ANALYZE TABLE t1, t2;
Table	Op	Msg_type	Msg_text
test.t1	analyze	status	OK
test.t2	analyze	status	OK
EXPLAIN FORMAT=TREE INSERT INTO t2 SELECT * FROM t1;
EXPLAIN
-> Insert into t2
    -> Table scan on t1  (rows=5)

EXPLAIN FORMAT=TREE INSERT INTO t2 SELECT * FROM t1 UNION SELECT * FROM t1;
EXPLAIN
-> Insert into t2
    -> Table scan on <union temporary>  (rows=10)
        -> Union materialize with deduplication  (rows=10)
            -> Table scan on t1  (rows=5)
            -> Table scan on t1  (rows=5)

EXPLAIN FORMAT=TREE INSERT INTO t2 SELECT * FROM t1 UNION ALL SELECT * FROM t1;
EXPLAIN
-> Insert into t2
    -> Table scan on <union temporary>  (rows=10)
        -> Union all materialize  (rows=10)
            -> Table scan on t1  (rows=5)
            -> Table scan on t1  (rows=5)

SHOW SESSION STATUS LIKE 'Secondary_engine_execution_count';
Variable_name	Value
Secondary_engine_execution_count	0
CREATE TABLE t3 SELECT * from t1;
SHOW SESSION STATUS LIKE 'Secondary_engine_execution_count';
Variable_name	Value
Secondary_engine_execution_count	0
INSERT INTO t2 VALUES(NULL, 'Poodle', '{"key":"value"}', 'Pug', x'1234');
INSERT INTO t2 VALUES(NULL, 'Labrador', '[{"key":"value"},{"key":"value2"}]',
'Boxer', x'abcd');
INSERT INTO t2 VALUES(NULL, 'Beagle', '[1,2,3]', 'Pitbull', x'abcd1234');
INSERT INTO t2 VALUES(NULL, 'Collie', '["ab","bc","cd"]', 'Huskey',
x'1ab2c3d4');
INSERT INTO t2 VALUES(NULL, 'Shiba', '{"1":"one"}', 'Mastiff', x'ffff');
ALTER TABLE t2 SECONDARY_LOAD;
include/rpl/sync_to_replica.inc
[ Connection Slave ]
SHOW CREATE TABLE t2;
Table	Create Table
t2	CREATE TABLE `t2` (
  `pk` int NOT NULL AUTO_INCREMENT,
  `vc` varchar(10) DEFAULT NULL,
  `j` json DEFAULT NULL,
  `b` blob,
  `vb` varbinary(32) DEFAULT NULL,
  PRIMARY KEY (`pk`)
) ENGINE=InnoDB AUTO_INCREMENT=6 DEFAULT CHARSET=utf8mb4 COLLATE=utf8mb4_0900_ai_ci SECONDARY_ENGINE=MOCK
SHOW CREATE TABLE t3;
Table	Create Table
t3	CREATE TABLE `t3` (
  `pk` int NOT NULL DEFAULT '0',
  `vc` varchar(10) DEFAULT NULL,
  `j` json DEFAULT NULL,
  `b` blob,
  `vb` varbinary(32) DEFAULT NULL
) ENGINE=InnoDB DEFAULT CHARSET=utf8mb4 COLLATE=utf8mb4_0900_ai_ci
FLUSH STATUS;
SELECT * FROM t2;
pk	vc	j	b	vb
SHOW SESSION STATUS LIKE 'Secondary_engine_execution_count';
Variable_name	Value
Secondary_engine_execution_count	1
[ Connection Master ]
FLUSH STATUS;
SELECT * FROM t2;
pk	vc	j	b	vb
SHOW SESSION STATUS LIKE 'Secondary_engine_execution_count';
Variable_name	Value
Secondary_engine_execution_count	1
ALTER TABLE t1 SECONDARY_UNLOAD;
DROP TABLE t3;
include/rpl/sync_to_replica.inc
[ Connection Slave ]
FLUSH STATUS;
SELECT * FROM t1;
pk	vc	j	b	vb
1	Poodle	{"key": "value"}	Pug	4
2	Labrador	[{"key": "value"}, {"key": "value2"}]	Boxer	«Í
3	Beagle	[1, 2, 3]	Pitbull	«Í4
4	Collie	["ab", "bc", "cd"]	Huskey	²ÃÔ
5	Shiba	{"1": "one"}	Mastiff	ÿÿ
SHOW SESSION STATUS LIKE 'Secondary_engine_execution_count';
Variable_name	Value
Secondary_engine_execution_count	0
SET use_secondary_engine = FORCED;
FLUSH STATUS;
SELECT * FROM t1;
Got one of the listed errors
SHOW SESSION STATUS LIKE 'Secondary_engine_execution_count';
Variable_name	Value
Secondary_engine_execution_count	0
CREATE TABLE t3 SELECT * from t1;
Got one of the listed errors
SET use_secondary_engine = @save_use_secondary_engine;
FLUSH STATUS;
SELECT /*+SET_VAR(use_secondary_engine=FORCED)*/ * FROM t1;
Got one of the listed errors
SHOW SESSION STATUS LIKE 'Secondary_engine_execution_count';
Variable_name	Value
Secondary_engine_execution_count	0
ALTER TABLE t2 SECONDARY_ENGINE=NULL;
include/rpl/stop_applier.inc
[ Connection Master ]
ALTER TABLE t2 SECONDARY_LOAD;
[ Connection Slave ]
ALTER TABLE t2 SECONDARY_ENGINE=MOCK;
include/rpl/start_applier.inc
include/rpl/wait_for_replica_status.inc [Replica_SQL_Running_State]
FLUSH STATUS;
SELECT * FROM t2;
pk	vc	j	b	vb
SHOW SESSION STATUS LIKE 'Secondary_engine_execution_count';
Variable_name	Value
Secondary_engine_execution_count	1
[ Connection Master ]
ALTER TABLE t1 SECONDARY_ENGINE=NULL;
include/rpl/sync_to_replica.inc
[ Connection Slave ]
SHOW CREATE TABLE t1;
Table	Create Table
t1	CREATE TABLE `t1` (
  `pk` int NOT NULL AUTO_INCREMENT,
  `vc` varchar(10) DEFAULT NULL,
  `j` json DEFAULT NULL,
  `b` blob,
  `vb` varbinary(32) DEFAULT NULL,
  PRIMARY KEY (`pk`)
) ENGINE=InnoDB AUTO_INCREMENT=6 DEFAULT CHARSET=utf8mb4 COLLATE=utf8mb4_0900_ai_ci
FLUSH STATUS;
SELECT * FROM t1;
pk	vc	j	b	vb
1	Poodle	{"key": "value"}	Pug	4
2	Labrador	[{"key": "value"}, {"key": "value2"}]	Boxer	«Í
3	Beagle	[1, 2, 3]	Pitbull	«Í4
4	Collie	["ab", "bc", "cd"]	Huskey	²ÃÔ
5	Shiba	{"1": "one"}	Mastiff	ÿÿ
SHOW SESSION STATUS LIKE 'Secondary_engine_execution_count';
Variable_name	Value
Secondary_engine_execution_count	0
[ Connection Master ]
ALTER TABLE t1 SECONDARY_ENGINE=HELLO;
include/rpl/sync_to_replica.inc
[ Connection Slave ]
SHOW CREATE TABLE t1;
Table	Create Table
t1	CREATE TABLE `t1` (
  `pk` int NOT NULL AUTO_INCREMENT,
  `vc` varchar(10) DEFAULT NULL,
  `j` json DEFAULT NULL,
  `b` blob,
  `vb` varbinary(32) DEFAULT NULL,
  PRIMARY KEY (`pk`)
) ENGINE=InnoDB AUTO_INCREMENT=6 DEFAULT CHARSET=utf8mb4 COLLATE=utf8mb4_0900_ai_ci SECONDARY_ENGINE=HELLO
ALTER TABLE t1 SECONDARY_ENGINE=NULL;
ALTER TABLE t1 SECONDARY_ENGINE=NADA;
SHOW CREATE TABLE t1;
Table	Create Table
t1	CREATE TABLE `t1` (
  `pk` int NOT NULL AUTO_INCREMENT,
  `vc` varchar(10) DEFAULT NULL,
  `j` json DEFAULT NULL,
  `b` blob,
  `vb` varbinary(32) DEFAULT NULL,
  PRIMARY KEY (`pk`)
) ENGINE=InnoDB AUTO_INCREMENT=6 DEFAULT CHARSET=utf8mb4 COLLATE=utf8mb4_0900_ai_ci SECONDARY_ENGINE=NADA
ALTER TABLE t1 SECONDARY_ENGINE=NULL;
ALTER TABLE t1 SECONDARY_ENGINE=MOCK;
SHOW CREATE TABLE t1;
Table	Create Table
t1	CREATE TABLE `t1` (
  `pk` int NOT NULL AUTO_INCREMENT,
  `vc` varchar(10) DEFAULT NULL,
  `j` json DEFAULT NULL,
  `b` blob,
  `vb` varbinary(32) DEFAULT NULL,
  PRIMARY KEY (`pk`)
) ENGINE=InnoDB AUTO_INCREMENT=6 DEFAULT CHARSET=utf8mb4 COLLATE=utf8mb4_0900_ai_ci SECONDARY_ENGINE=MOCK
ALTER TABLE t1 SECONDARY_LOAD;
ALTER TABLE t2 SECONDARY_LOAD;
FLUSH STATUS;
SELECT * FROM t1;
pk	vc	j	b	vb
SHOW SESSION STATUS LIKE 'Secondary_engine_execution_count';
Variable_name	Value
Secondary_engine_execution_count	1
ALTER TABLE t1 SECONDARY_UNLOAD;
FLUSH STATUS;
SELECT * FROM t1;
pk	vc	j	b	vb
1	Poodle	{"key": "value"}	Pug	4
2	Labrador	[{"key": "value"}, {"key": "value2"}]	Boxer	«Í
3	Beagle	[1, 2, 3]	Pitbull	«Í4
4	Collie	["ab", "bc", "cd"]	Huskey	²ÃÔ
5	Shiba	{"1": "one"}	Mastiff	ÿÿ
SHOW SESSION STATUS LIKE 'Secondary_engine_execution_count';
Variable_name	Value
Secondary_engine_execution_count	0
ALTER TABLE t2 SECONDARY_UNLOAD;
[ Connection Master ]
ALTER TABLE t1 SECONDARY_ENGINE=NULL;
ALTER TABLE t1 SECONDARY_ENGINE=MOCK;
include/rpl/sync_to_replica.inc
[ Connection Slave ]
UNINSTALL PLUGIN mock;
include/rpl/stop_applier.inc
[ Connection Master ]
ALTER TABLE t1 SECONDARY_LOAD;
[ Connection Slave ]
INSTALL PLUGIN mock SONAME 'ha_mock.so';
include/rpl/start_applier.inc
include/rpl/wait_for_replica_status.inc [Replica_SQL_Running_State]
FLUSH STATUS;
SELECT * FROM t1;
pk	vc	j	b	vb
SHOW SESSION STATUS LIKE 'Secondary_engine_execution_count';
Variable_name	Value
Secondary_engine_execution_count	1
[ Connection Master ]
DROP TABLE t1;
DROP TABLE t2;
UNINSTALL PLUGIN mock;
SET @@secondary_engine_cost_threshold = DEFAULT;
include/rpl/sync_to_replica.inc
UNINSTALL PLUGIN mock;
SET @@secondary_engine_cost_threshold = DEFAULT;
include/rpl/deinit.inc
