DROP TABLE IF EXISTS t1;
CREATE TABLE t1(c1 TINYINT NOT NULL, c2 TINYINT NOT NULL, c3 TINYINT NOT NULL);
INSERT INTO t1 VALUES(1,1,1),(1,1,2),(1,2,1),(1,2,2),(2,1,1);
ALTER TABLE t1 ORDER BY c1,c2,c3;
SELECT * FROM t1;
c1	c2	c3
1	1	1
1	1	2
1	2	1
1	2	2
2	1	1
ALTER TABLE t1 ORDER BY c3,c2,c1;
SELECT * FROM t1;
c1	c2	c3
1	1	1
2	1	1
1	2	1
1	1	2
1	2	2
ALTER TABLE t1 ORDER BY c3,c2,c1 DESC;
SELECT * FROM t1;
c1	c2	c3
2	1	1
1	1	1
1	2	1
1	1	2
1	2	2
SHOW CREATE TABLE t1;
Table	Create Table
t1	CREATE TABLE `t1` (
  `c1` tinyint NOT NULL,
  `c2` tinyint NOT NULL,
  `c3` tinyint NOT NULL
) ENGINE=ENGINE DEFAULT CHARSET=utf8mb4 COLLATE=utf8mb4_0900_ai_ci
DROP TABLE t1;
SHOW TABLES;
Tables_in_test
CREATE TABLE t1(c1 SMALLINT NOT NULL, c2 SMALLINT NOT NULL, c3 SMALLINT NOT NULL);
INSERT INTO t1 VALUES(1,1,1),(1,1,2),(1,2,1),(1,2,2),(2,1,1);
ALTER TABLE t1 ORDER BY c1,c2,c3;
SELECT * FROM t1;
c1	c2	c3
1	1	1
1	1	2
1	2	1
1	2	2
2	1	1
ALTER TABLE t1 ORDER BY c3,c2,c1;
SELECT * FROM t1;
c1	c2	c3
1	1	1
2	1	1
1	2	1
1	1	2
1	2	2
ALTER TABLE t1 ORDER BY c3,c2,c1 DESC;
SELECT * FROM t1;
c1	c2	c3
2	1	1
1	1	1
1	2	1
1	1	2
1	2	2
SHOW CREATE TABLE t1;
Table	Create Table
t1	CREATE TABLE `t1` (
  `c1` smallint NOT NULL,
  `c2` smallint NOT NULL,
  `c3` smallint NOT NULL
) ENGINE=ENGINE DEFAULT CHARSET=utf8mb4 COLLATE=utf8mb4_0900_ai_ci
DROP TABLE t1;
SHOW TABLES;
Tables_in_test
CREATE TABLE t1(c1 MEDIUMINT NOT NULL, c2 MEDIUMINT NOT NULL, c3 MEDIUMINT NOT NULL);
INSERT INTO t1 VALUES(1,1,1),(1,1,2),(1,2,1),(1,2,2),(2,1,1);
ALTER TABLE t1 ORDER BY c1,c2,c3;
SELECT * FROM t1;
c1	c2	c3
1	1	1
1	1	2
1	2	1
1	2	2
2	1	1
ALTER TABLE t1 ORDER BY c3,c2,c1;
SELECT * FROM t1;
c1	c2	c3
1	1	1
2	1	1
1	2	1
1	1	2
1	2	2
ALTER TABLE t1 ORDER BY c3,c2,c1 DESC;
SELECT * FROM t1;
c1	c2	c3
2	1	1
1	1	1
1	2	1
1	1	2
1	2	2
SHOW CREATE TABLE t1;
Table	Create Table
t1	CREATE TABLE `t1` (
  `c1` mediumint NOT NULL,
  `c2` mediumint NOT NULL,
  `c3` mediumint NOT NULL
) ENGINE=ENGINE DEFAULT CHARSET=utf8mb4 COLLATE=utf8mb4_0900_ai_ci
DROP TABLE t1;
SHOW TABLES;
Tables_in_test
CREATE TABLE t1(c1 INT NOT NULL, c2 INT NOT NULL, c3 INT NOT NULL);
INSERT INTO t1 VALUES(1,1,1),(1,1,2),(1,2,1),(1,2,2),(2,1,1);
ALTER TABLE t1 ORDER BY c1,c2,c3;
SELECT * FROM t1;
c1	c2	c3
1	1	1
1	1	2
1	2	1
1	2	2
2	1	1
ALTER TABLE t1 ORDER BY c3,c2,c1;
SELECT * FROM t1;
c1	c2	c3
1	1	1
2	1	1
1	2	1
1	1	2
1	2	2
ALTER TABLE t1 ORDER BY c3,c2,c1 DESC;
SELECT * FROM t1;
c1	c2	c3
2	1	1
1	1	1
1	2	1
1	1	2
1	2	2
SHOW CREATE TABLE t1;
Table	Create Table
t1	CREATE TABLE `t1` (
  `c1` int NOT NULL,
  `c2` int NOT NULL,
  `c3` int NOT NULL
) ENGINE=ENGINE DEFAULT CHARSET=utf8mb4 COLLATE=utf8mb4_0900_ai_ci
DROP TABLE t1;
SHOW TABLES;
Tables_in_test
CREATE TABLE t1(c1 INTEGER NOT NULL, c2 INTEGER NOT NULL, c3 INTEGER NOT NULL);
INSERT INTO t1 VALUES(1,1,1),(1,1,2),(1,2,1),(1,2,2),(2,1,1);
ALTER TABLE t1 ORDER BY c1,c2,c3;
SELECT * FROM t1;
c1	c2	c3
1	1	1
1	1	2
1	2	1
1	2	2
2	1	1
ALTER TABLE t1 ORDER BY c3,c2,c1;
SELECT * FROM t1;
c1	c2	c3
1	1	1
2	1	1
1	2	1
1	1	2
1	2	2
ALTER TABLE t1 ORDER BY c3,c2,c1 DESC;
SELECT * FROM t1;
c1	c2	c3
2	1	1
1	1	1
1	2	1
1	1	2
1	2	2
SHOW CREATE TABLE t1;
Table	Create Table
t1	CREATE TABLE `t1` (
  `c1` int NOT NULL,
  `c2` int NOT NULL,
  `c3` int NOT NULL
) ENGINE=ENGINE DEFAULT CHARSET=utf8mb4 COLLATE=utf8mb4_0900_ai_ci
DROP TABLE t1;
SHOW TABLES;
Tables_in_test
CREATE TABLE t1(c1 BIGINT NOT NULL, c2 BIGINT NOT NULL, c3 BIGINT NOT NULL);
INSERT INTO t1 VALUES(1,1,1),(1,1,2),(1,2,1),(1,2,2),(2,1,1);
ALTER TABLE t1 ORDER BY c1,c2,c3;
SELECT * FROM t1;
c1	c2	c3
1	1	1
1	1	2
1	2	1
1	2	2
2	1	1
ALTER TABLE t1 ORDER BY c3,c2,c1;
SELECT * FROM t1;
c1	c2	c3
1	1	1
2	1	1
1	2	1
1	1	2
1	2	2
ALTER TABLE t1 ORDER BY c3,c2,c1 DESC;
SELECT * FROM t1;
c1	c2	c3
2	1	1
1	1	1
1	2	1
1	1	2
1	2	2
SHOW CREATE TABLE t1;
Table	Create Table
t1	CREATE TABLE `t1` (
  `c1` bigint NOT NULL,
  `c2` bigint NOT NULL,
  `c3` bigint NOT NULL
) ENGINE=ENGINE DEFAULT CHARSET=utf8mb4 COLLATE=utf8mb4_0900_ai_ci
DROP TABLE t1;
SHOW TABLES;
Tables_in_test
