include/rpl/init_source_replica.inc
Warnings:
Note	####	Sending passwords in plain text without SSL/TLS is extremely insecure.
Note	####	Storing MySQL user name or password information in the connection metadata repository is not secure and is therefore not recommended. Please consider using the USER and PASSWORD connection options for START REPLICA; see the 'START REPLICA Syntax' in the MySQL Manual for more information.
[connection master]
call mtr.add_suppression("Statement is unsafe because it uses a system function that may return a different value on the replica");
SET GLOBAL DEBUG ='+d,set_commit_parent_100';
SET GLOBAL replica_parallel_type=LOGICAL_CLOCK;
ERROR HY000: This operation cannot be performed with a running replica sql thread; run STOP REPLICA SQL_THREAD first
include/rpl/stop_replica.inc
FLUSH LOGS;
create database db1;
create database db2;
create database db3;
create database db4;
FLUSH LOGS;
#setup the databases and tables
CREATE TABLE db1.t (a int) engine=innodb;
CREATE TEMPORARY TABLE db1.t_temp (a int) engine=innodb;
CREATE TABLE db2.t (a int) engine=myisam;
CREATE TEMPORARY TABLE db2.t_temp (a int) engine=innodb;
SET GLOBAL DEBUG ='-d,set_commit_parent_100';
CREATE TABLE db3.t engine=innodb select 100*RAND() as a;
CREATE TEMPORARY TABLE db3.t_temp (a int) engine=innodb;
SET @VAR=100;
CREATE TABLE db4.t engine=myisam select @VAR as a;
CREATE TEMPORARY TABLE db4.t_temp (a int) engine=innodb;
SET GLOBAL DEBUG ='+d,set_commit_parent_100';
FLUSH LOGS;
TRUNCATE db3.t;
FLUSH LOGS;
INSERT INTO db2.t values (1),(2),(3);
INSERT INTO db4.t values (1),(2),(3);
FLUSH LOGS;
INSERT INTO db1.t_temp values (1),(2),(3);
INSERT INTO db2.t_temp values (1),(2),(3);
INSERT INTO db3.t_temp values (1),(2),(3);
INSERT INTO db4.t_temp values (1),(2),(3);
FLUSH LOGS;
BEGIN;
INSERT INTO db1.t values (1),(2),(3);
INSERT INTO db1.t values (1),(2),(3);
UPDATE db1.t SET db1.t.a= 2 WHERE db1.t.a > 2;
COMMIT;
BEGIN;
INSERT INTO db3.t values (1),(2),(3);
INSERT INTO db3.t values (1),(2),(3);
UPDATE db3.t SET db3.t.a= 2 WHERE db3.t.a > 2;
COMMIT;
FLUSH LOGS;
BEGIN;
INSERT INTO db2.t values (1),(2),(3);
INSERT INTO db3.t values (1),(2),(3);
Warnings:
Warning	6414	Combining the storage engines InnoDB and MyISAM is deprecated, but the statement or transaction updates both the InnoDB table db3.t and the MyISAM table db2.t.
UPDATE db3.t SET db3.t.a= 2 WHERE db3.t.a > 2;
COMMIT;
BEGIN;
INSERT INTO db1.t values (1),(2),(3);
INSERT INTO db4.t values (1),(2),(3);
Warnings:
Warning	6414	Combining the storage engines MyISAM and InnoDB is deprecated, but the statement or transaction updates both the MyISAM table db4.t and the InnoDB table db1.t.
UPDATE db1.t SET db1.t.a= 2 WHERE db1.t.a > 2;
COMMIT;
SET GLOBAL DEBUG ='-d,set_commit_parent_100';
DROP TABLE db1.t_temp;
DROP TABLE db2.t_temp;
DROP TABLE db3.t_temp;
DROP TABLE db4.t_temp;
SET GLOBAL replica_parallel_type='DATABASE';
Warnings:
Warning	1287	'@@replica_parallel_type' is deprecated and will be removed in a future release.
include/rpl/start_replica.inc
include/rpl/sync_to_replica.inc
include/diff_tables.inc [master:db1.t,slave:db1.t]
include/diff_tables.inc [master:db2.t, slave:db2.t]
include/diff_tables.inc [master:db3.t, slave:db3.t]
include/diff_tables.inc [master:db4.t, slave:db4.t]
include/rpl/stop_replica.inc
RESET REPLICA;
DROP DATABASE db1;
DROP DATABASE db2;
DROP DATABASE db3;
DROP DATABASE db4;
SET GLOBAL replica_parallel_type='LOGICAL_CLOCK';
Warnings:
Warning	1287	'@@replica_parallel_type' is deprecated and will be removed in a future release.
include/rpl/start_replica.inc
include/rpl/sync_to_replica.inc
include/diff_tables.inc [master:db1.t, slave:db1.t]
include/diff_tables.inc [master:db2.t, slave:db2.t]
include/diff_tables.inc [master:db3.t, slave:db3.t]
include/diff_tables.inc [master:db4.t, slave:db4.t]
include/rpl/stop_replica.inc
RESET REPLICA;
DROP DATABASE db1;
DROP DATABASE db2;
DROP DATABASE db3;
DROP DATABASE db4;
SET GLOBAL replica_parallel_type='DATABASE';
Warnings:
Warning	1287	'@@replica_parallel_type' is deprecated and will be removed in a future release.
include/rpl/start_replica.inc
include/rpl/sync_to_replica.inc
include/diff_tables.inc [master:db1.t, slave:db1.t]
include/diff_tables.inc [master:db2.t, slave:db2.t]
include/diff_tables.inc [master:db3.t, slave:db3.t]
include/diff_tables.inc [master:db4.t, slave:db4.t]
include/rpl/stop_replica.inc
SET GLOBAL REPLICA_PARALLEL_TYPE=DEFAULT;
Warnings:
Warning	1287	'@@replica_parallel_type' is deprecated and will be removed in a future release.
include/rpl/start_replica.inc
DROP DATABASE db1;
DROP DATABASE db2;
DROP DATABASE db3;
DROP DATABASE db4;
include/rpl/stop_replica.inc
include/rpl/start_replica.inc
include/rpl/deinit.inc
