DROP TABLE IF EXISTS t1;
SET GLOBAL innodb_file_per_table = 1;
SELECT @@innodb_file_per_table;
@@innodb_file_per_table
1
CREATE TABLE t1(c1 INT PRIMARY KEY) COMPRESSION = "ZLIB" ENGINE = InnoDB;
SHOW CREATE TABLE t1;
Table	Create Table
t1	CREATE TABLE `t1` (
  `c1` int(11) NOT NULL,
  PRIMARY KEY (`c1`)
) ENGINE=InnoDB DEFAULT CHARSET=latin1 COMPRESSION='ZLIB'
INSERT INTO t1 VALUES(1),(2),(3),(4);
FLUSH TABLES t1 WITH READ LOCK;
UNLOCK TABLES;
SELECT * FROM t1;
c1
1
2
3
4
ALTER TABLE t1 COMPRESSION = "";
OPTIMIZE TABLE t1;
Table	Op	Msg_type	Msg_text
test.t1	optimize	note	Table does not support optimize, doing recreate + analyze instead
test.t1	optimize	status	OK
SHOW CREATE TABLE t1;
Table	Create Table
t1	CREATE TABLE `t1` (
  `c1` int(11) NOT NULL,
  PRIMARY KEY (`c1`)
) ENGINE=InnoDB DEFAULT CHARSET=latin1
SELECT * FROM t1;
c1
1
2
3
4
ALTER TABLE t1 COMPRESSION = "ZLIB";
OPTIMIZE TABLE t1;
Table	Op	Msg_type	Msg_text
test.t1	optimize	note	Table does not support optimize, doing recreate + analyze instead
test.t1	optimize	status	OK
SHOW CREATE TABLE t1;
Table	Create Table
t1	CREATE TABLE `t1` (
  `c1` int(11) NOT NULL,
  PRIMARY KEY (`c1`)
) ENGINE=InnoDB DEFAULT CHARSET=latin1 COMPRESSION='ZLIB'
SELECT NAME
FROM INFORMATION_SCHEMA.INNODB_SYS_TABLESPACES WHERE NAME LIKE '%t1';
NAME
test/t1
SHOW CREATE TABLE t1;
Table	Create Table
t1	CREATE TABLE `t1` (
  `c1` int(11) NOT NULL,
  PRIMARY KEY (`c1`)
) ENGINE=InnoDB DEFAULT CHARSET=latin1 COMPRESSION='ZLIB'
SELECT * FROM t1;
c1
1
2
3
4
#
# Bug#21687636 COMPRESSION COLUMN IN INNODB_SYS_TABLESPACES IS NOT CORRECT
#
# restart
SHOW CREATE TABLE t1;
Table	Create Table
t1	CREATE TABLE `t1` (
  `c1` int(11) NOT NULL,
  PRIMARY KEY (`c1`)
) ENGINE=InnoDB DEFAULT CHARSET=latin1 COMPRESSION='ZLIB'
ALTER TABLE t1 COMPRESSION = "BLAH";
ERROR HY000: Table storage engine 'InnoDB' does not support the create option 'COMPRESSION'
SHOW WARNINGS;
Level	Code	Message
Warning	1112	InnoDB: Unsupported compression algorithm 'BLAH'
Error	1478	Table storage engine 'InnoDB' does not support the create option 'COMPRESSION'
SHOW CREATE TABLE t1;
Table	Create Table
t1	CREATE TABLE `t1` (
  `c1` int(11) NOT NULL,
  PRIMARY KEY (`c1`)
) ENGINE=InnoDB DEFAULT CHARSET=latin1 COMPRESSION='ZLIB'
ALTER TABLE t1 COMPRESSION = "NONE";
OPTIMIZE TABLE t1;
Table	Op	Msg_type	Msg_text
test.t1	optimize	note	Table does not support optimize, doing recreate + analyze instead
test.t1	optimize	status	OK
SHOW CREATE TABLE t1;
Table	Create Table
t1	CREATE TABLE `t1` (
  `c1` int(11) NOT NULL,
  PRIMARY KEY (`c1`)
) ENGINE=InnoDB DEFAULT CHARSET=latin1 COMPRESSION='NONE'
SELECT NAME
FROM INFORMATION_SCHEMA.INNODB_SYS_TABLESPACES
WHERE NAME LIKE '%t1';
NAME
test/t1
SHOW CREATE TABLE t1;
Table	Create Table
t1	CREATE TABLE `t1` (
  `c1` int(11) NOT NULL,
  PRIMARY KEY (`c1`)
) ENGINE=InnoDB DEFAULT CHARSET=latin1 COMPRESSION='NONE'
SELECT * FROM t1;
c1
1
2
3
4
DROP TABLE t1;
CREATE TABLE t1(c1 INT PRIMARY KEY) COMPRESSION = "zlibX" ENGINE = InnoDB;
ERROR HY000: Table storage engine for 't1' doesn't have this option
SHOW WARNINGS;
Level	Code	Message
Warning	1112	InnoDB: Unsupported compression algorithm 'zlibX'
Error	1031	Table storage engine for 't1' doesn't have this option
SHOW CREATE TABLE t1;
ERROR 42S02: Table 'test.t1' doesn't exist
SET @long_str = REPEAT('ZLIB', 32768);
SET @s = CONCAT('CREATE TABLE t1(c1 INT) ENGINE=InnoDB, COMPRESSION = "', @long_str, '"');
PREPARE stmt from @s;
EXECUTE stmt;
ERROR HY000: String 'ZLIBZLIBZLIBZLIBZLIBZLIBZLIBZLIBZLIBZLIBZLIBZLIBZLIBZLIBZLIBZLIBZLIBZL' is too long for COMPRESSION (should be no longer than 2048)
DEALLOCATE PREPARE stmt;
SHOW CREATE TABLE t1;
ERROR 42S02: Table 'test.t1' doesn't exist
SET SESSION innodb_strict_mode = on;
CREATE TABLE t1(c1 INT PRIMARY KEY) COMPRESSION = "zlibX" ENGINE = InnoDB;
ERROR HY000: Table storage engine for 't1' doesn't have this option
SHOW WARNINGS;
Level	Code	Message
Warning	1112	InnoDB: Unsupported compression algorithm 'zlibX'
Error	1031	Table storage engine for 't1' doesn't have this option
SHOW CREATE TABLE t1;
ERROR 42S02: Table 'test.t1' doesn't exist
CREATE TABLE t1(c1 INT PRIMARY KEY) ENGINE = InnoDB;
SHOW CREATE TABLE t1;
Table	Create Table
t1	CREATE TABLE `t1` (
  `c1` int(11) NOT NULL,
  PRIMARY KEY (`c1`)
) ENGINE=InnoDB DEFAULT CHARSET=latin1
ALTER TABLE t1 COMPRESSION = "BLAH";
ERROR HY000: Table storage engine 'InnoDB' does not support the create option 'COMPRESSION'
SHOW CREATE TABLE t1;
Table	Create Table
t1	CREATE TABLE `t1` (
  `c1` int(11) NOT NULL,
  PRIMARY KEY (`c1`)
) ENGINE=InnoDB DEFAULT CHARSET=latin1
DROP TABLE t1;
SET SESSION innodb_strict_mode = off;
CREATE TABLE t1(C1 INT) ENGINE=InnoDB;
ALTER TABLE t1 COMPRESSION = 'abcdefghijklmnopqrstuvwxyz';
Warnings:
Warning	138	InnoDB: Unsupported compression algorithm 'abcdefghijklmnopqrstuvwxyz'
SELECT TABLE_NAME, CREATE_OPTIONS
FROM INFORMATION_SCHEMA.TABLES
WHERE TABLE_SCHEMA='test' AND TABLE_NAME = 't1';
TABLE_NAME	CREATE_OPTIONS
t1	COMPRESSION="abcdefg"
SELECT NAME
FROM INFORMATION_SCHEMA.INNODB_SYS_TABLESPACES
WHERE NAME LIKE '%t1';
NAME
test/t1
SHOW CREATE TABLE t1;
Table	Create Table
t1	CREATE TABLE `t1` (
  `C1` int(11) DEFAULT NULL
) ENGINE=InnoDB DEFAULT CHARSET=latin1 COMPRESSION='abcdefghijklmnopqrstuvwxyz'
DROP TABLE t1;
CREATE TABLE t1(c1 INT) KEY_BLOCK_SIZE=1 COMPRESSION='NONE';
DROP TABLE t1;
SET GLOBAL INNODB_FILE_PER_TABLE = 0;
CREATE TABLE t1(C1 INT) ENGINE=InnoDB COMPRESSION="zlib";
ERROR 42000: Table 't1' uses an extension that doesn't exist in this MySQL version
SHOW WARNINGS;
Level	Code	Message
Warning	138	InnoDB: Compression not supported for shared tablespaces
Error	1112	Table 't1' uses an extension that doesn't exist in this MySQL version
CREATE TABLE t1(C1 INT) ENGINE=InnoDB COMPRESSION="blah";
ERROR 42000: Table 't1' uses an extension that doesn't exist in this MySQL version
SHOW WARNINGS;
Level	Code	Message
Warning	138	InnoDB: Unsupported compression algorithm 'blah'
Warning	138	InnoDB: Compression not supported for shared tablespaces
Error	1112	Table 't1' uses an extension that doesn't exist in this MySQL version
SHOW CREATE TABLE t1;
ERROR 42S02: Table 'test.t1' doesn't exist
CREATE TEMPORARY TABLE t1(C1 INT) ENGINE=InnoDB COMPRESSION="zlib";
ERROR 42000: Table 't1' uses an extension that doesn't exist in this MySQL version
SHOW WARNINGS;
Level	Code	Message
Warning	138	InnoDB: Cannot compress pages of shared tablespaces
Warning	138	InnoDB: Compression not supported for temporary tables
Error	1112	Table 't1' uses an extension that doesn't exist in this MySQL version
CREATE TEMPORARY TABLE t1(C1 INT) ENGINE=InnoDB COMPRESSION="blah";
ERROR 42000: Table 't1' uses an extension that doesn't exist in this MySQL version
SHOW WARNINGS;
Level	Code	Message
Warning	138	InnoDB: Cannot compress pages of shared tablespaces
Warning	138	InnoDB: Unsupported compression algorithm 'blah'
Warning	138	InnoDB: Compression not supported for temporary tables
Error	1112	Table 't1' uses an extension that doesn't exist in this MySQL version
SHOW CREATE TABLE t1;
ERROR 42S02: Table 'test.t1' doesn't exist
CREATE TABLE t1(c1 INT) KEY_BLOCK_SIZE=1 COMPRESSION='ZLIB';
ERROR 42000: Table 't1' uses an extension that doesn't exist in this MySQL version
CREATE TABLE t1(c1 INT) KEY_BLOCK_SIZE=1 COMPRESSION='LZ4';
ERROR 42000: Table 't1' uses an extension that doesn't exist in this MySQL version
CREATE TABLE t1(c1 INT) KEY_BLOCK_SIZE=1 COMPRESSION='BLAH';
ERROR 42000: Table 't1' uses an extension that doesn't exist in this MySQL version
SET GLOBAL INNODB_FILE_PER_TABLE=1;
#
#Bug#21557723 CAN'T USE OUTPUT OF "SHOW CREATE TABLE" TO CREATE A NEW TABLE
#
CREATE TABLE t1 (a INT, b BLOB, c BLOB) COMPRESSION='zlib';
DROP TABLE t1;
CREATE TABLE `t1` (
  `a` int(11) DEFAULT NULL,
  `b` blob,
  `c` blob
) ENGINE=InnoDB DEFAULT CHARSET=latin1 COMPRESSION='zlib';
DROP TABLE t1;
