SELECT distinct name, expires, serial FROM ndbinfo.certificates order by name;
name	expires	serial
NDB Data Node Apr 2024	07-Apr-2035	63:C9:9E:38:94:C8:B6:E4:B3:19
NDB Management Node Apr 2024	07-Apr-2035	6E:EC:9D:3A:64:A1:76:78:09:82
NDB Node Apr 2024	07-Apr-2035	04:92:89:3C:3D:93:5C:BB:14:C0
SELECT node_id, remote_node_id, encrypted from ndbinfo.transporters
WHERE status = 'CONNECTED' ORDER BY node_id, remote_node_id;
node_id	remote_node_id	encrypted
1	2	1
1	3	1
1	16	1
1	32	1
1	48	1
1	49	1
1	63	1
1	127	1
2	1	1
2	3	1
2	16	1
2	32	1
2	48	1
2	49	1
2	63	1
2	127	1
Use test;
CREATE TABLE t (i int primary key not null, j int) engine = ndb;
INSERT INTO t VALUES(1, 1);
SELECT * FROM t;
i	j
1	1
DROP TABLE t;
